"_col0","_col1","_col2","output"
"77","35","56.60144927536232","0"
"76","29","52.4969696969697","1"
